generation,mean_fitness,best_fitness,sigma,elapsed_s
1,429.8667,1078.7609,0.496911,83.3
2,515.2049,1071.1310,0.494006,190.2
3,397.5546,1060.8083,0.491248,298.5
4,452.7654,884.9552,0.488600,419.8
5,631.4206,1071.8708,0.486067,549.5
6,764.0158,1070.1715,0.483645,696.8
7,795.8620,1075.6879,0.481297,856.8
8,775.9676,1033.7550,0.479037,1016.2
9,592.4284,858.2351,0.476871,1184.2
10,908.5274,1066.8937,0.474774,1356.3
11,914.6031,1066.2343,0.472739,1526.2
