generation,mean_fitness,best_fitness,sigma,elapsed_s,crash_rate
1,-4.6583,-0.7591,0.496912,113.2,0.6880
2,-5.4358,0.1336,0.494044,214.3,0.7600
3,-2.4843,2.7629,0.491306,322.8,0.7840
4,-4.4580,-0.7495,0.488695,415.2,0.8720
5,-1.2329,3.3195,0.486179,529.4,0.8240
6,-4.0219,1.0824,0.483759,640.9,0.7040
